date,variable,values
2020-01-23,Brazil,0
2020-01-24,Brazil,0
2020-01-25,Brazil,0
2020-01-26,Brazil,0
2020-01-27,Brazil,0
2020-01-28,Brazil,0
2020-01-29,Brazil,0
2020-01-30,Brazil,0
2020-01-31,Brazil,0
2020-02-01,Brazil,0
2020-02-02,Brazil,0
2020-02-03,Brazil,0
2020-02-04,Brazil,0
2020-02-05,Brazil,0
2020-02-06,Brazil,0
2020-02-07,Brazil,0
2020-02-08,Brazil,0
2020-02-09,Brazil,0
2020-02-10,Brazil,0
2020-02-11,Brazil,0
2020-02-12,Brazil,0
2020-02-13,Brazil,0
2020-02-14,Brazil,0
2020-02-15,Brazil,0
2020-02-16,Brazil,0
2020-02-17,Brazil,0
2020-02-18,Brazil,0
2020-02-19,Brazil,0
2020-02-20,Brazil,0
2020-02-21,Brazil,0
2020-02-22,Brazil,0
2020-02-23,Brazil,0
2020-02-24,Brazil,0
2020-02-25,Brazil,0
2020-02-26,Brazil,1
2020-02-27,Brazil,0
2020-02-28,Brazil,0
2020-02-29,Brazil,1
2020-03-01,Brazil,0
2020-03-02,Brazil,0
2020-03-03,Brazil,0
2020-03-04,Brazil,2
2020-03-05,Brazil,0
2020-03-06,Brazil,9
2020-03-07,Brazil,0
2020-03-08,Brazil,7
2020-03-09,Brazil,5
2020-03-10,Brazil,6
2020-03-11,Brazil,7
2020-03-12,Brazil,14
2020-03-13,Brazil,99
2020-03-14,Brazil,0
2020-03-15,Brazil,11
2020-03-16,Brazil,38
2020-03-17,Brazil,121
2020-03-18,Brazil,51
2020-03-19,Brazil,249
2020-03-20,Brazil,172
2020-03-21,Brazil,228
2020-03-22,Brazil,525
2020-03-23,Brazil,378
2020-03-24,Brazil,323
2020-03-25,Brazil,307
2020-03-26,Brazil,431
2020-03-27,Brazil,432
2020-03-28,Brazil,487
2020-03-29,Brazil,352
2020-03-30,Brazil,323
2020-03-31,Brazil,1138
2020-04-01,Brazil,1119
2020-04-02,Brazil,1208
2020-04-03,Brazil,1012
2020-04-04,Brazil,1304
2020-04-05,Brazil,770
2020-04-06,Brazil,1031
2020-04-07,Brazil,1873
2020-04-08,Brazil,2136
2020-04-09,Brazil,1922
2020-04-10,Brazil,1546
2020-04-11,Brazil,1089
2020-04-12,Brazil,1465
2020-04-13,Brazil,1238
2020-04-14,Brazil,1832
2020-04-15,Brazil,3058
2020-04-16,Brazil,2105
2020-04-17,Brazil,3257
2020-04-18,Brazil,2976
2020-04-19,Brazil,1996
2020-04-20,Brazil,2089
2020-04-21,Brazil,2336
2020-04-22,Brazil,2678
2020-04-23,Brazil,4279
2020-04-24,Brazil,4007
2020-04-25,Brazil,5281
2020-04-26,Brazil,3776
2020-04-27,Brazil,4346
2020-04-28,Brazil,5789
2020-04-29,Brazil,6450
2020-04-30,Brazil,7502
2020-05-01,Brazil,5015
2020-05-02,Brazil,4898
2020-05-03,Brazil,4726
2020-05-04,Brazil,6794
2020-05-05,Brazil,6835
2020-05-06,Brazil,11156
2020-05-07,Brazil,9162
2020-05-08,Brazil,11121
2020-05-09,Brazil,9167
2020-05-10,Brazil,6638
2020-05-11,Brazil,6895
2020-05-12,Brazil,8620
2020-05-13,Brazil,11923
2020-05-14,Brazil,13028
2020-05-15,Brazil,17126
2020-05-16,Brazil,13220
2020-05-17,Brazil,7569
2020-05-18,Brazil,14288
2020-05-19,Brazil,16517
2020-05-20,Brazil,19694
2020-05-21,Brazil,18508
2020-05-22,Brazil,20803
2020-05-23,Brazil,16508
2020-05-24,Brazil,15813
2020-05-25,Brazil,11687
2020-05-26,Brazil,16324
2020-05-27,Brazil,20599
2020-05-28,Brazil,26417
2020-05-29,Brazil,26928
2020-05-30,Brazil,33274
2020-05-31,Brazil,16409
2020-06-01,Brazil,11598
2020-06-02,Brazil,28936
2020-06-03,Brazil,28633
2020-06-04,Brazil,30925
2020-06-05,Brazil,30830
2020-06-06,Brazil,27075
2020-06-07,Brazil,18912
2020-06-08,Brazil,15654
2020-06-09,Brazil,32091
2020-06-10,Brazil,32913
2020-06-11,Brazil,30412
2020-06-12,Brazil,25982
2020-06-13,Brazil,21704
2020-06-14,Brazil,17110
2020-06-15,Brazil,20647
2020-06-16,Brazil,34918
2020-06-17,Brazil,32188
2020-06-18,Brazil,22765
2020-06-19,Brazil,54771
2020-06-20,Brazil,34666
2020-06-21,Brazil,15762
2020-06-22,Brazil,23129
2020-06-23,Brazil,39436
2020-06-24,Brazil,42725
2020-06-25,Brazil,39483
2020-06-26,Brazil,46860
2020-06-27,Brazil,38693
2020-06-28,Brazil,30476
2020-06-29,Brazil,24052
2020-06-30,Brazil,33846
2020-07-01,Brazil,46712
2020-07-02,Brazil,48105
2020-07-03,Brazil,42223
2020-07-04,Brazil,37923
2020-07-05,Brazil,26051
2020-07-06,Brazil,20229
2020-07-07,Brazil,45305
2020-07-08,Brazil,44571
2020-07-09,Brazil,42619
2020-07-10,Brazil,45048
2020-07-11,Brazil,39023
2020-07-12,Brazil,24831
2020-07-13,Brazil,20286
2020-07-14,Brazil,41857
2020-07-15,Brazil,39924
2020-07-16,Brazil,45403
2020-07-17,Brazil,34177
2020-07-18,Brazil,28532
2020-07-19,Brazil,23529
2020-07-20,Brazil,20257
2020-07-21,Brazil,41008
2020-07-22,Brazil,67860
2020-07-23,Brazil,59961
2020-07-24,Brazil,55891
2020-07-25,Brazil,51147
2020-07-26,Brazil,24578
2020-07-27,Brazil,23284
2020-07-28,Brazil,40816
2020-07-29,Brazil,69074
2020-07-30,Brazil,57837
2020-07-31,Brazil,52383
2020-08-01,Brazil,45392
2020-08-02,Brazil,25800
2020-08-03,Brazil,16641
2020-08-04,Brazil,51603
2020-08-05,Brazil,57152
2020-08-06,Brazil,53139
2020-08-07,Brazil,50230
2020-08-08,Brazil,49970
2020-08-09,Brazil,23010
2020-08-10,Brazil,22048
2020-08-11,Brazil,52160
2020-08-12,Brazil,55155
2020-08-13,Brazil,60091
2020-08-14,Brazil,50644
2020-08-15,Brazil,41576
2020-08-16,Brazil,23101
2020-08-17,Brazil,19373
2020-08-18,Brazil,47784
2020-08-19,Brazil,49298
2020-08-20,Brazil,45323
2020-08-21,Brazil,30355
2020-08-22,Brazil,50032
2020-08-23,Brazil,23421
2020-08-24,Brazil,17078
2020-08-25,Brazil,47134
2020-08-26,Brazil,47161
2020-08-27,Brazil,44235
2020-08-28,Brazil,43412
2020-08-29,Brazil,41350
2020-08-30,Brazil,16158
2020-08-31,Brazil,45961
2020-09-01,Brazil,42659
2020-09-02,Brazil,46934
2020-09-03,Brazil,43773
2020-09-04,Brazil,50163
2020-09-05,Brazil,31199
2020-09-06,Brazil,14521
2020-09-07,Brazil,10273
2020-09-08,Brazil,14279
2020-09-09,Brazil,35816
2020-09-10,Brazil,40557
2020-09-11,Brazil,43718
2020-09-12,Brazil,33523
2020-09-13,Brazil,14768
2020-09-14,Brazil,15155
2020-09-15,Brazil,36653
2020-09-16,Brazil,36820
2020-09-17,Brazil,36303
2020-09-18,Brazil,39797
2020-09-19,Brazil,33057
2020-09-20,Brazil,16389
2020-09-21,Brazil,13411
2020-09-22,Brazil,33324
2020-09-23,Brazil,0
2020-09-24,Brazil,66338
2020-09-25,Brazil,31911
2020-09-26,Brazil,28378
2020-09-27,Brazil,14318
2020-09-28,Brazil,13155
2020-09-29,Brazil,32058
2020-09-30,Brazil,33413
2020-10-01,Brazil,36157
2020-10-02,Brazil,0
2020-10-03,Brazil,59741
2020-10-04,Brazil,8456
2020-10-05,Brazil,11946
2020-10-06,Brazil,41906
2020-10-07,Brazil,31553
2020-10-08,Brazil,27750
2020-10-09,Brazil,27444
2020-10-10,Brazil,26749
2020-10-11,Brazil,12342
2020-10-12,Brazil,8429
2020-10-13,Brazil,10220
2020-10-14,Brazil,27235
2020-10-15,Brazil,28523
2020-10-16,Brazil,30914
2020-10-17,Brazil,24062
2020-10-18,Brazil,0
2020-10-19,Brazil,26365
2020-10-20,Brazil,23227
2020-10-21,Brazil,24818
2020-10-22,Brazil,24858
2020-10-23,Brazil,30026
2020-10-24,Brazil,26979
2020-10-25,Brazil,13493
2020-10-26,Brazil,15726
2020-10-27,Brazil,29787
2020-10-28,Brazil,28629
2020-10-29,Brazil,26106
2020-10-30,Brazil,22282
2020-10-31,Brazil,18947
2020-11-01,Brazil,10100
2020-11-02,Brazil,8501
2020-11-03,Brazil,11843
2020-11-04,Brazil,23976
2020-11-05,Brazil,0
2020-11-06,Brazil,41156
2020-11-07,Brazil,22380
2020-11-08,Brazil,10554
2020-11-09,Brazil,10917
2020-11-10,Brazil,23973
2020-11-11,Brazil,48655
2020-11-12,Brazil,33922
2020-11-13,Brazil,29070
2020-11-14,Brazil,38307
2020-11-15,Brazil,14134
2020-11-16,Brazil,13371
2020-11-17,Brazil,35294
2020-11-18,Brazil,34091
2020-11-19,Brazil,35918
2020-11-20,Brazil,38397
2020-11-21,Brazil,32622
2020-11-22,Brazil,18615
2020-11-23,Brazil,16207
2020-11-24,Brazil,31100
2020-11-25,Brazil,47898
2020-11-26,Brazil,37614
2020-11-27,Brazil,34130
2020-11-28,Brazil,51922
2020-11-29,Brazil,24468
2020-11-30,Brazil,21138
2020-12-01,Brazil,50909
2020-12-02,Brazil,49863
2020-12-03,Brazil,50434
2020-12-04,Brazil,46884
2020-12-05,Brazil,43209
2020-12-06,Brazil,26363
2020-12-07,Brazil,20371
2020-12-08,Brazil,51088
2020-12-09,Brazil,53453
2020-12-10,Brazil,53347
2020-12-11,Brazil,54428
2020-12-12,Brazil,43900
2020-12-13,Brazil,21825
2020-12-14,Brazil,25193
2020-12-15,Brazil,42889
2020-12-16,Brazil,70574
2020-12-17,Brazil,69826
2020-12-18,Brazil,52544
2020-12-19,Brazil,50177
2020-12-20,Brazil,25445
2020-12-21,Brazil,25019
2020-12-22,Brazil,55202
2020-12-23,Brazil,46696
2020-12-24,Brazil,58428
2020-12-25,Brazil,24615
2020-12-26,Brazil,17246
2020-12-27,Brazil,18479
2020-12-28,Brazil,20548
2020-12-29,Brazil,58718
2020-12-30,Brazil,55649
2020-12-31,Brazil,56773
2021-01-01,Brazil,24605
2021-01-02,Brazil,15827
2021-01-03,Brazil,17341
2021-01-04,Brazil,20006
2021-01-05,Brazil,56648
2021-01-06,Brazil,63430
2021-01-07,Brazil,87843
2021-01-08,Brazil,52035
2021-01-09,Brazil,62290
2021-01-10,Brazil,29792
2021-01-11,Brazil,25822
2021-01-12,Brazil,64025
2021-01-13,Brazil,60899
2021-01-14,Brazil,67758
2021-01-15,Brazil,69198
2021-01-16,Brazil,61567
2021-01-17,Brazil,33040
2021-01-18,Brazil,23671
2021-01-19,Brazil,62094
2021-01-20,Brazil,64385
2021-01-21,Brazil,59119
2021-01-22,Brazil,56552
2021-01-23,Brazil,62334
2021-01-24,Brazil,28323
2021-01-25,Brazil,26816
2021-01-26,Brazil,61963
2021-01-27,Brazil,63520
2021-01-28,Brazil,61811
2021-01-29,Brazil,59826
2021-01-30,Brazil,58462
2021-01-31,Brazil,27756
2021-02-01,Brazil,24591
2021-02-02,Brazil,54096
2021-02-03,Brazil,56002
2021-02-04,Brazil,56873
2021-02-05,Brazil,50872
2021-02-06,Brazil,0
2021-02-07,Brazil,77475
2021-02-08,Brazil,0
2021-02-09,Brazil,74925
2021-02-10,Brazil,59602
2021-02-11,Brazil,54742
2021-02-12,Brazil,51546
2021-02-13,Brazil,44299
2021-02-14,Brazil,24759
2021-02-15,Brazil,32197
2021-02-16,Brazil,55271
2021-02-17,Brazil,56766
2021-02-18,Brazil,51879
2021-02-19,Brazil,53582
2021-02-20,Brazil,54940
2021-02-21,Brazil,29026
2021-02-22,Brazil,26986
2021-02-23,Brazil,62715
2021-02-24,Brazil,66588
2021-02-25,Brazil,65998
2021-02-26,Brazil,65169
2021-02-27,Brazil,61602
2021-02-28,Brazil,34027
2021-03-01,Brazil,35742
2021-03-02,Brazil,59925
2021-03-03,Brazil,71704
2021-03-04,Brazil,75102
2021-03-05,Brazil,75495
2021-03-06,Brazil,69609
2021-03-07,Brazil,80508
2021-03-08,Brazil,32321
2021-03-09,Brazil,70764
2021-03-10,Brazil,79876
2021-03-11,Brazil,75412
2021-03-12,Brazil,85663
2021-03-13,Brazil,76178
2021-03-14,Brazil,43812
2021-03-15,Brazil,36239
2021-03-16,Brazil,83926
2021-03-17,Brazil,90303
2021-03-18,Brazil,86982
2021-03-19,Brazil,90570
2021-03-20,Brazil,79069
2021-03-21,Brazil,47774
2021-03-22,Brazil,49293
2021-03-23,Brazil,82493
2021-03-24,Brazil,89992
2021-03-25,Brazil,100158
2021-03-26,Brazil,84245
2021-03-27,Brazil,85948
2021-03-28,Brazil,44326
2021-03-29,Brazil,38927
2021-03-30,Brazil,84494
2021-03-31,Brazil,90638
2021-04-01,Brazil,91097
2021-04-02,Brazil,70238
2021-04-03,Brazil,43515
2021-04-04,Brazil,31359
2021-04-05,Brazil,28645
2021-04-06,Brazil,86979
2021-04-07,Brazil,92625
2021-04-08,Brazil,86652
2021-04-09,Brazil,93317
2021-04-10,Brazil,71832
2021-04-11,Brazil,37017
2021-04-12,Brazil,35785
2021-04-13,Brazil,82186
2021-04-14,Brazil,73513
2021-04-15,Brazil,73174
2021-04-16,Brazil,85774
2021-04-17,Brazil,67636
2021-04-18,Brazil,42980
2021-04-19,Brazil,30624
2021-04-20,Brazil,69381
2021-04-21,Brazil,79719
2021-04-22,Brazil,45178
2021-04-23,Brazil,69105
2021-04-24,Brazil,71137
2021-04-25,Brazil,32572
2021-04-26,Brazil,28636
2021-04-27,Brazil,72140
2021-04-28,Brazil,79726
2021-04-29,Brazil,69389
2021-04-30,Brazil,68333
2021-05-01,Brazil,66964
2021-05-02,Brazil,28935
2021-05-03,Brazil,24619
2021-05-04,Brazil,77359
2021-05-05,Brazil,73295
2021-05-06,Brazil,73380
2021-05-07,Brazil,78886
2021-05-08,Brazil,63430
2021-05-09,Brazil,38911
2021-05-10,Brazil,25200
2021-05-11,Brazil,72715
2021-05-12,Brazil,76692
2021-05-13,Brazil,74592
2021-05-14,Brazil,85536
2021-05-15,Brazil,67009
2021-05-16,Brazil,40709
2021-05-17,Brazil,30148
2021-05-18,Brazil,75445
2021-05-19,Brazil,79219
2021-05-20,Brazil,82039
2021-05-21,Brazil,76855
2021-05-22,Brazil,76490
2021-05-23,Brazil,35819
2021-05-24,Brazil,37498
2021-05-25,Brazil,73453
2021-05-26,Brazil,80486
2021-05-27,Brazil,67467
2021-05-28,Brazil,49768
2021-05-29,Brazil,79670
2021-05-30,Brazil,43520
2021-05-31,Brazil,30434
2021-06-01,Brazil,78926
2021-06-02,Brazil,95601
2021-06-03,Brazil,83391
2021-06-04,Brazil,37936
2021-06-05,Brazil,66017
2021-06-06,Brazil,39637
2021-06-07,Brazil,37156
2021-06-08,Brazil,52911
2021-06-09,Brazil,85748
2021-06-10,Brazil,88092
2021-06-11,Brazil,85149
2021-06-12,Brazil,78700
2021-06-13,Brazil,37948
2021-06-14,Brazil,39846
2021-06-15,Brazil,80609
2021-06-16,Brazil,95367
2021-06-17,Brazil,74042
2021-06-18,Brazil,98832
2021-06-19,Brazil,82288
2021-06-20,Brazil,44178
2021-06-21,Brazil,38903
2021-06-22,Brazil,87822
2021-06-23,Brazil,115228
2021-06-24,Brazil,73602
2021-06-25,Brazil,79277
2021-06-26,Brazil,64134
2021-06-27,Brazil,33704
2021-06-28,Brazil,27804
2021-06-29,Brazil,64903
2021-06-30,Brazil,43836
2021-07-01,Brazil,65163
2021-07-02,Brazil,65165
2021-07-03,Brazil,54556
2021-07-04,Brazil,27783
2021-07-05,Brazil,22703
2021-07-06,Brazil,62504
2021-07-07,Brazil,54022
2021-07-08,Brazil,53725
2021-07-09,Brazil,57737
2021-07-10,Brazil,48504
2021-07-11,Brazil,20937
2021-07-12,Brazil,17031
2021-07-13,Brazil,45022
2021-07-14,Brazil,57736
2021-07-15,Brazil,52789
2021-07-16,Brazil,45591
2021-07-17,Brazil,34339
2021-07-18,Brazil,34126
2021-07-19,Brazil,15271
2021-07-20,Brazil,27592
2021-07-21,Brazil,54517
2021-07-22,Brazil,49757
2021-07-23,Brazil,108732
2021-07-24,Brazil,38091
2021-07-25,Brazil,18129
2021-07-26,Brazil,18999
2021-07-27,Brazil,41411
2021-07-28,Brazil,48013
2021-07-29,Brazil,42283
2021-07-30,Brazil,40904
2021-07-31,Brazil,37582
2021-08-01,Brazil,20503
2021-08-02,Brazil,15143
2021-08-03,Brazil,32316
2021-08-04,Brazil,40716
2021-08-05,Brazil,40054
2021-08-06,Brazil,42159
2021-08-07,Brazil,43033
2021-08-08,Brazil,13893
2021-08-09,Brazil,12085
2021-08-10,Brazil,34885
2021-08-11,Brazil,32443
2021-08-12,Brazil,39982
2021-08-13,Brazil,33933
2021-08-14,Brazil,31142
2021-08-15,Brazil,13957
2021-08-16,Brazil,14471
2021-08-17,Brazil,37613
2021-08-18,Brazil,41714
2021-08-19,Brazil,36315
2021-08-20,Brazil,33887
2021-08-21,Brazil,28388
2021-08-22,Brazil,14404
2021-08-23,Brazil,13103
2021-08-24,Brazil,30872
2021-08-25,Brazil,30671
2021-08-26,Brazil,31024
2021-08-27,Brazil,27345
2021-08-28,Brazil,24699
2021-08-29,Brazil,13210
2021-08-30,Brazil,10466
2020-01-23,India,0
2020-01-24,India,0
2020-01-25,India,0
2020-01-26,India,0
2020-01-27,India,0
2020-01-28,India,0
2020-01-29,India,0
2020-01-30,India,1
2020-01-31,India,0
2020-02-01,India,0
2020-02-02,India,1
2020-02-03,India,1
2020-02-04,India,0
2020-02-05,India,0
2020-02-06,India,0
2020-02-07,India,0
2020-02-08,India,0
2020-02-09,India,0
2020-02-10,India,0
2020-02-11,India,0
2020-02-12,India,0
2020-02-13,India,0
2020-02-14,India,0
2020-02-15,India,0
2020-02-16,India,0
2020-02-17,India,0
2020-02-18,India,0
2020-02-19,India,0
2020-02-20,India,0
2020-02-21,India,0
2020-02-22,India,0
2020-02-23,India,0
2020-02-24,India,0
2020-02-25,India,0
2020-02-26,India,0
2020-02-27,India,0
2020-02-28,India,0
2020-02-29,India,0
2020-03-01,India,0
2020-03-02,India,2
2020-03-03,India,0
2020-03-04,India,23
2020-03-05,India,2
2020-03-06,India,1
2020-03-07,India,3
2020-03-08,India,5
2020-03-09,India,4
2020-03-10,India,13
2020-03-11,India,6
2020-03-12,India,11
2020-03-13,India,9
2020-03-14,India,20
2020-03-15,India,11
2020-03-16,India,6
2020-03-17,India,23
2020-03-18,India,14
2020-03-19,India,38
2020-03-20,India,50
2020-03-21,India,86
2020-03-22,India,66
2020-03-23,India,103
2020-03-24,India,37
2020-03-25,India,121
2020-03-26,India,70
2020-03-27,India,160
2020-03-28,India,100
2020-03-29,India,37
2020-03-30,India,227
2020-03-31,India,146
2020-04-01,India,601
2020-04-02,India,545
2020-04-03,India,24
2020-04-04,India,515
2020-04-05,India,506
2020-04-06,India,1190
2020-04-07,India,533
2020-04-08,India,605
2020-04-09,India,809
2020-04-10,India,873
2020-04-11,India,848
2020-04-12,India,759
2020-04-13,India,1248
2020-04-14,India,1034
2020-04-15,India,835
2020-04-16,India,1108
2020-04-17,India,922
2020-04-18,India,1370
2020-04-19,India,1893
2020-04-20,India,924
2020-04-21,India,1541
2020-04-22,India,1290
2020-04-23,India,1707
2020-04-24,India,1453
2020-04-25,India,1753
2020-04-26,India,1607
2020-04-27,India,1561
2020-04-28,India,1873
2020-04-29,India,1738
2020-04-30,India,1801
2020-05-01,India,2394
2020-05-02,India,2442
2020-05-03,India,2806
2020-05-04,India,3932
2020-05-05,India,2963
2020-05-06,India,3587
2020-05-07,India,3364
2020-05-08,India,3344
2020-05-09,India,3113
2020-05-10,India,4353
2020-05-11,India,3607
2020-05-12,India,3524
2020-05-13,India,3763
2020-05-14,India,3942
2020-05-15,India,3787
2020-05-16,India,4864
2020-05-17,India,5050
2020-05-18,India,4630
2020-05-19,India,6147
2020-05-20,India,5553
2020-05-21,India,6198
2020-05-22,India,6568
2020-05-23,India,6629
2020-05-24,India,7113
2020-05-25,India,6414
2020-05-26,India,5843
2020-05-27,India,7293
2020-05-28,India,7300
2020-05-29,India,8105
2020-05-30,India,8336
2020-05-31,India,8782
2020-06-01,India,7761
2020-06-02,India,8821
2020-06-03,India,9633
2020-06-04,India,9889
2020-06-05,India,9471
2020-06-06,India,10438
2020-06-07,India,10864
2020-06-08,India,8442
2020-06-09,India,10218
2020-06-10,India,10459
2020-06-11,India,10930
2020-06-12,India,11458
2020-06-13,India,11929
2020-06-14,India,11502
2020-06-15,India,10667
2020-06-16,India,10974
2020-06-17,India,12881
2020-06-18,India,13586
2020-06-19,India,14516
2020-06-20,India,15403
2020-06-21,India,14831
2020-06-22,India,14933
2020-06-23,India,15968
2020-06-24,India,16922
2020-06-25,India,17296
2020-06-26,India,18552
2020-06-27,India,19906
2020-06-28,India,19459
2020-06-29,India,18522
2020-06-30,India,18641
2020-07-01,India,19160
2020-07-02,India,20903
2020-07-03,India,22771
2020-07-04,India,24850
2020-07-05,India,24248
2020-07-06,India,22251
2020-07-07,India,22753
2020-07-08,India,24879
2020-07-09,India,26506
2020-07-10,India,27114
2020-07-11,India,28606
2020-07-12,India,28732
2020-07-13,India,28498
2020-07-14,India,29429
2020-07-15,India,32676
2020-07-16,India,34975
2020-07-17,India,35252
2020-07-18,India,38697
2020-07-19,India,40425
2020-07-20,India,37132
2020-07-21,India,37740
2020-07-22,India,45720
2020-07-23,India,49310
2020-07-24,India,48916
2020-07-25,India,48611
2020-07-26,India,49981
2020-07-27,India,44457
2020-07-28,India,51596
2020-07-29,India,50294
2020-07-30,India,52783
2020-07-31,India,61242
2020-08-01,India,54735
2020-08-02,India,52972
2020-08-03,India,52050
2020-08-04,India,52509
2020-08-05,India,56282
2020-08-06,India,62538
2020-08-07,India,61537
2020-08-08,India,64399
2020-08-09,India,62064
2020-08-10,India,53601
2020-08-11,India,60963
2020-08-12,India,66999
2020-08-13,India,64553
2020-08-14,India,64732
2020-08-15,India,64030
2020-08-16,India,57711
2020-08-17,India,55018
2020-08-18,India,64572
2020-08-19,India,69672
2020-08-20,India,68900
2020-08-21,India,69876
2020-08-22,India,69239
2020-08-23,India,61408
2020-08-24,India,60975
2020-08-25,India,57224
2020-08-26,India,85687
2020-08-27,India,77266
2020-08-28,India,76472
2020-08-29,India,78761
2020-08-30,India,78512
2020-08-31,India,69921
2020-09-01,India,78357
2020-09-02,India,83883
2020-09-03,India,83341
2020-09-04,India,86432
2020-09-05,India,90632
2020-09-06,India,90802
2020-09-07,India,75809
2020-09-08,India,89706
2020-09-09,India,95735
2020-09-10,India,96551
2020-09-11,India,97570
2020-09-12,India,94372
2020-09-13,India,92071
2020-09-14,India,83809
2020-09-15,India,90123
2020-09-16,India,97894
2020-09-17,India,96424
2020-09-18,India,93337
2020-09-19,India,92605
2020-09-20,India,86961
2020-09-21,India,75083
2020-09-22,India,83347
2020-09-23,India,86508
2020-09-24,India,86052
2020-09-25,India,85362
2020-09-26,India,88600
2020-09-27,India,82170
2020-09-28,India,70589
2020-09-29,India,80472
2020-09-30,India,86821
2020-10-01,India,81484
2020-10-02,India,79476
2020-10-03,India,75829
2020-10-04,India,74442
2020-10-05,India,61267
2020-10-06,India,72049
2020-10-07,India,78524
2020-10-08,India,70496
2020-10-09,India,73272
2020-10-10,India,74383
2020-10-11,India,66732
2020-10-12,India,55342
2020-10-13,India,63509
2020-10-14,India,67708
2020-10-15,India,63371
2020-10-16,India,62212
2020-10-17,India,61871
2020-10-18,India,55722
2020-10-19,India,46790
2020-10-20,India,54044
2020-10-21,India,55839
2020-10-22,India,54366
2020-10-23,India,53370
2020-10-24,India,50129
2020-10-25,India,45148
2020-10-26,India,36470
2020-10-27,India,43893
2020-10-28,India,49881
2020-10-29,India,48648
2020-10-30,India,48268
2020-10-31,India,46963
2020-11-01,India,45231
2020-11-02,India,38310
2020-11-03,India,46253
2020-11-04,India,50210
2020-11-05,India,47638
2020-11-06,India,50356
2020-11-07,India,45674
2020-11-08,India,45903
2020-11-09,India,38073
2020-11-10,India,44281
2020-11-11,India,47905
2020-11-12,India,44879
2020-11-13,India,44684
2020-11-14,India,41100
2020-11-15,India,30548
2020-11-16,India,29163
2020-11-17,India,38617
2020-11-18,India,45576
2020-11-19,India,45882
2020-11-20,India,46232
2020-11-21,India,45209
2020-11-22,India,44059
2020-11-23,India,37975
2020-11-24,India,44376
2020-11-25,India,44489
2020-11-26,India,43082
2020-11-27,India,41322
2020-11-28,India,41810
2020-11-29,India,38772
2020-11-30,India,31118
2020-12-01,India,36604
2020-12-02,India,35551
2020-12-03,India,36595
2020-12-04,India,36652
2020-12-05,India,36011
2020-12-06,India,32981
2020-12-07,India,26567
2020-12-08,India,32080
2020-12-09,India,31521
2020-12-10,India,29373
2020-12-11,India,30031
2020-12-12,India,30254
2020-12-13,India,27071
2020-12-14,India,22065
2020-12-15,India,26382
2020-12-16,India,24010
2020-12-17,India,22890
2020-12-18,India,25152
2020-12-19,India,26624
2020-12-20,India,24337
2020-12-21,India,19556
2020-12-22,India,23950
2020-12-23,India,24712
2020-12-24,India,23067
2020-12-25,India,22273
2020-12-26,India,18732
2020-12-27,India,20021
2020-12-28,India,16432
2020-12-29,India,20549
2020-12-30,India,21822
2020-12-31,India,20035
2021-01-01,India,39114
2021-01-02,India,-1858
2021-01-03,India,16504
2021-01-04,India,16375
2021-01-05,India,18088
2021-01-06,India,20346
2021-01-07,India,18139
2021-01-08,India,0
2021-01-09,India,36867
2021-01-10,India,16311
2021-01-11,India,12584
2021-01-12,India,15968
2021-01-13,India,16946
2021-01-14,India,15590
2021-01-15,India,15158
2021-01-16,India,15144
2021-01-17,India,13788
2021-01-18,India,10050
2021-01-19,India,13816
2021-01-20,India,15244
2021-01-21,India,14545
2021-01-22,India,14256
2021-01-23,India,14849
2021-01-24,India,13203
2021-01-25,India,9102
2021-01-26,India,12689
2021-01-27,India,11666
2021-01-28,India,18855
2021-01-29,India,13082
2021-01-30,India,13044
2021-01-31,India,11436
2021-02-01,India,8635
2021-02-02,India,11039
2021-02-03,India,12899
2021-02-04,India,12408
2021-02-05,India,11713
2021-02-06,India,12059
2021-02-07,India,11831
2021-02-08,India,9110
2021-02-09,India,11067
2021-02-10,India,12923
2021-02-11,India,9309
2021-02-12,India,12143
2021-02-13,India,12194
2021-02-14,India,11649
2021-02-15,India,9121
2021-02-16,India,11610
2021-02-17,India,12881
2021-02-18,India,13193
2021-02-19,India,13993
2021-02-20,India,14264
2021-02-21,India,14199
2021-02-22,India,10584
2021-02-23,India,13742
2021-02-24,India,16738
2021-02-25,India,16577
2021-02-26,India,16488
2021-02-27,India,16752
2021-02-28,India,15510
2021-03-01,India,12286
2021-03-02,India,14989
2021-03-03,India,17407
2021-03-04,India,16838
2021-03-05,India,18284
2021-03-06,India,18754
2021-03-07,India,18599
2021-03-08,India,15388
2021-03-09,India,17921
2021-03-10,India,22854
2021-03-11,India,23285
2021-03-12,India,24882
2021-03-13,India,25320
2021-03-14,India,26291
2021-03-15,India,24492
2021-03-16,India,28903
2021-03-17,India,35871
2021-03-18,India,39726
2021-03-19,India,40953
2021-03-20,India,43846
2021-03-21,India,46951
2021-03-22,India,40715
2021-03-23,India,47262
2021-03-24,India,53476
2021-03-25,India,59118
2021-03-26,India,62258
2021-03-27,India,62714
2021-03-28,India,68020
2021-03-29,India,56211
2021-03-30,India,53480
2021-03-31,India,72330
2021-04-01,India,81466
2021-04-02,India,89129
2021-04-03,India,93249
2021-04-04,India,103558
2021-04-05,India,96982
2021-04-06,India,115736
2021-04-07,India,126789
2021-04-08,India,131968
2021-04-09,India,145384
2021-04-10,India,152879
2021-04-11,India,168912
2021-04-12,India,161736
2021-04-13,India,184372
2021-04-14,India,200739
2021-04-15,India,217353
2021-04-16,India,234692
2021-04-17,India,261394
2021-04-18,India,273802
2021-04-19,India,259167
2021-04-20,India,295158
2021-04-21,India,314644
2021-04-22,India,332921
2021-04-23,India,346786
2021-04-24,India,349691
2021-04-25,India,352991
2021-04-26,India,323023
2021-04-27,India,360927
2021-04-28,India,379308
2021-04-29,India,386555
2021-04-30,India,401993
2021-05-01,India,392488
2021-05-02,India,368060
2021-05-03,India,357316
2021-05-04,India,382146
2021-05-05,India,412431
2021-05-06,India,414188
2021-05-07,India,401078
2021-05-08,India,403405
2021-05-09,India,366494
2021-05-10,India,329942
2021-05-11,India,348421
2021-05-12,India,362727
2021-05-13,India,343144
2021-05-14,India,326098
2021-05-15,India,311170
2021-05-16,India,281386
2021-05-17,India,263533
2021-05-18,India,267334
2021-05-19,India,276110
2021-05-20,India,259551
2021-05-21,India,257299
2021-05-22,India,240842
2021-05-23,India,222315
2021-05-24,India,196427
2021-05-25,India,208921
2021-05-26,India,211298
2021-05-27,India,186364
2021-05-28,India,173790
2021-05-29,India,165553
2021-05-30,India,152734
2021-05-31,India,127510
2021-06-01,India,132788
2021-06-02,India,134154
2021-06-03,India,132364
2021-06-04,India,120529
2021-06-05,India,114460
2021-06-06,India,100636
2021-06-07,India,86498
2021-06-08,India,92596
2021-06-09,India,93463
2021-06-10,India,92291
2021-06-11,India,84332
2021-06-12,India,80834
2021-06-13,India,70421
2021-06-14,India,60471
2021-06-15,India,62224
2021-06-16,India,67208
2021-06-17,India,62480
2021-06-18,India,60753
2021-06-19,India,58226
2021-06-20,India,53449
2021-06-21,India,42640
2021-06-22,India,50848
2021-06-23,India,54069
2021-06-24,India,51667
2021-06-25,India,48698
2021-06-26,India,50040
2021-06-27,India,46148
2021-06-28,India,37566
2021-06-29,India,45951
2021-06-30,India,48786
2021-07-01,India,46617
2021-07-02,India,44111
2021-07-03,India,43071
2021-07-04,India,39796
2021-07-05,India,34703
2021-07-06,India,43733
2021-07-07,India,45892
2021-07-08,India,43393
2021-07-09,India,42766
2021-07-10,India,41506
2021-07-11,India,37154
2021-07-12,India,32906
2021-07-13,India,38865
2021-07-14,India,41733
2021-07-15,India,38949
2021-07-16,India,38079
2021-07-17,India,41157
2021-07-18,India,38164
2021-07-19,India,30093
2021-07-20,India,42015
2021-07-21,India,41383
2021-07-22,India,35342
2021-07-23,India,0
2021-07-24,India,78839
2021-07-25,India,39361
2021-07-26,India,29689
2021-07-27,India,43654
2021-07-28,India,43509
2021-07-29,India,44230
2021-07-30,India,41649
2021-07-31,India,41831
2021-08-01,India,40134
2021-08-02,India,30549
2021-08-03,India,42625
2021-08-04,India,42982
2021-08-05,India,44643
2021-08-06,India,38628
2021-08-07,India,39070
2021-08-08,India,35499
2021-08-09,India,28204
2021-08-10,India,38353
2021-08-11,India,41195
2021-08-12,India,40120
2021-08-13,India,38667
2021-08-14,India,36083
2021-08-15,India,32937
2021-08-16,India,25166
2021-08-17,India,35178
2021-08-18,India,36401
2021-08-19,India,36571
2021-08-20,India,34457
2021-08-21,India,30948
2021-08-22,India,25072
2021-08-23,India,25467
2021-08-24,India,37593
2021-08-25,India,46164
2021-08-26,India,44658
2021-08-27,India,46759
2021-08-28,India,45083
2021-08-29,India,42909
2021-08-30,India,30941
2020-01-23,US,0
2020-01-24,US,1
2020-01-25,US,0
2020-01-26,US,3
2020-01-27,US,0
2020-01-28,US,0
2020-01-29,US,1
2020-01-30,US,0
2020-01-31,US,2
2020-02-01,US,0
2020-02-02,US,0
2020-02-03,US,3
2020-02-04,US,0
2020-02-05,US,0
2020-02-06,US,1
2020-02-07,US,0
2020-02-08,US,0
2020-02-09,US,0
2020-02-10,US,0
2020-02-11,US,1
2020-02-12,US,0
2020-02-13,US,1
2020-02-14,US,0
2020-02-15,US,0
2020-02-16,US,0
2020-02-17,US,0
2020-02-18,US,0
2020-02-19,US,0
2020-02-20,US,0
2020-02-21,US,2
2020-02-22,US,0
2020-02-23,US,0
2020-02-24,US,0
2020-02-25,US,0
2020-02-26,US,0
2020-02-27,US,1
2020-02-28,US,0
2020-02-29,US,8
2020-03-01,US,7
2020-03-02,US,23
2020-03-03,US,19
2020-03-04,US,33
2020-03-05,US,77
2020-03-06,US,53
2020-03-07,US,166
2020-03-08,US,116
2020-03-09,US,75
2020-03-10,US,188
2020-03-11,US,365
2020-03-12,US,439
2020-03-13,US,633
2020-03-14,US,759
2020-03-15,US,234
2020-03-16,US,1467
2020-03-17,US,1833
2020-03-18,US,2657
2020-03-19,US,4494
2020-03-20,US,6367
2020-03-21,US,5995
2020-03-22,US,8873
2020-03-23,US,11238
2020-03-24,US,10619
2020-03-25,US,12082
2020-03-26,US,17856
2020-03-27,US,18690
2020-03-28,US,19630
2020-03-29,US,18899
2020-03-30,US,22075
2020-03-31,US,26314
2020-04-01,US,32286
2020-04-02,US,32222
2020-04-03,US,32307
2020-04-04,US,32386
2020-04-05,US,29895
2020-04-06,US,31390
2020-04-07,US,30779
2020-04-08,US,31235
2020-04-09,US,35942
2020-04-10,US,34403
2020-04-11,US,29083
2020-04-12,US,27256
2020-04-13,US,26939
2020-04-14,US,28818
2020-04-15,US,25408
2020-04-16,US,30002
2020-04-17,US,33066
2020-04-18,US,27907
2020-04-19,US,26062
2020-04-20,US,29820
2020-04-21,US,25926
2020-04-22,US,28911
2020-04-23,US,33612
2020-04-24,US,32327
2020-04-25,US,30380
2020-04-26,US,26488
2020-04-27,US,23715
2020-04-28,US,24575
2020-04-29,US,26459
2020-04-30,US,29205
2020-05-01,US,34907
2020-05-02,US,27348
2020-05-03,US,24321
2020-05-04,US,24068
2020-05-05,US,24528
2020-05-06,US,24569
2020-05-07,US,27429
2020-05-08,US,26830
2020-05-09,US,25176
2020-05-10,US,18805
2020-05-11,US,19298
2020-05-12,US,22927
2020-05-13,US,20433
2020-05-14,US,26817
2020-05-15,US,24733
2020-05-16,US,24135
2020-05-17,US,18388
2020-05-18,US,22389
2020-05-19,US,20979
2020-05-20,US,22725
2020-05-21,US,25769
2020-05-22,US,23649
2020-05-23,US,21099
2020-05-24,US,20077
2020-05-25,US,18662
2020-05-26,US,19663
2020-05-27,US,18551
2020-05-28,US,22320
2020-05-29,US,24478
2020-05-30,US,23632
2020-05-31,US,18983
2020-06-01,US,17414
2020-06-02,US,21502
2020-06-03,US,19857
2020-06-04,US,21658
2020-06-05,US,25403
2020-06-06,US,21142
2020-06-07,US,17928
2020-06-08,US,17616
2020-06-09,US,18383
2020-06-10,US,21111
2020-06-11,US,23166
2020-06-12,US,24828
2020-06-13,US,25212
2020-06-14,US,18941
2020-06-15,US,19827
2020-06-16,US,23667
2020-06-17,US,27072
2020-06-18,US,28537
2020-06-19,US,31544
2020-06-20,US,32280
2020-06-21,US,25150
2020-06-22,US,32144
2020-06-23,US,37072
2020-06-24,US,35878
2020-06-25,US,40326
2020-06-26,US,45999
2020-06-27,US,41330
2020-06-28,US,40734
2020-06-29,US,41299
2020-06-30,US,46420
2020-07-01,US,51820
2020-07-02,US,56636
2020-07-03,US,51351
2020-07-04,US,45693
2020-07-05,US,50747
2020-07-06,US,43106
2020-07-07,US,60661
2020-07-08,US,60119
2020-07-09,US,62509
2020-07-10,US,68057
2020-07-11,US,60017
2020-07-12,US,58424
2020-07-13,US,58930
2020-07-14,US,68051
2020-07-15,US,68090
2020-07-16,US,75866
2020-07-17,US,72236
2020-07-18,US,62536
2020-07-19,US,60456
2020-07-20,US,62107
2020-07-21,US,64461
2020-07-22,US,70579
2020-07-23,US,68445
2020-07-24,US,73319
2020-07-25,US,64953
2020-07-26,US,54816
2020-07-27,US,56783
2020-07-28,US,66412
2020-07-29,US,71873
2020-07-30,US,67466
2020-07-31,US,68712
2020-08-01,US,56201
2020-08-02,US,45568
2020-08-03,US,45501
2020-08-04,US,58774
2020-08-05,US,54466
2020-08-06,US,59349
2020-08-07,US,59303
2020-08-08,US,54134
2020-08-09,US,45769
2020-08-10,US,47606
2020-08-11,US,48003
2020-08-12,US,56040
2020-08-13,US,51316
2020-08-14,US,65336
2020-08-15,US,46951
2020-08-16,US,39212
2020-08-17,US,36652
2020-08-18,US,45033
2020-08-19,US,47320
2020-08-20,US,44041
2020-08-21,US,48843
2020-08-22,US,43064
2020-08-23,US,34247
2020-08-24,US,36482
2020-08-25,US,40354
2020-08-26,US,45172
2020-08-27,US,45393
2020-08-28,US,46832
2020-08-29,US,42754
2020-08-30,US,34404
2020-08-31,US,35362
2020-09-01,US,41846
2020-09-02,US,41018
2020-09-03,US,44251
2020-09-04,US,50382
2020-09-05,US,43158
2020-09-06,US,31218
2020-09-07,US,23613
2020-09-08,US,27226
2020-09-09,US,34049
2020-09-10,US,36056
2020-09-11,US,47769
2020-09-12,US,41101
2020-09-13,US,34372
2020-09-14,US,34423
2020-09-15,US,39492
2020-09-16,US,39030
2020-09-17,US,45130
2020-09-18,US,49282
2020-09-19,US,42202
2020-09-20,US,38447
2020-09-21,US,51878
2020-09-22,US,39866
2020-09-23,US,39069
2020-09-24,US,47103
2020-09-25,US,48295
2020-09-26,US,44673
2020-09-27,US,37528
2020-09-28,US,33294
2020-09-29,US,43338
2020-09-30,US,39443
2020-10-01,US,45650
2020-10-02,US,54950
2020-10-03,US,48577
2020-10-04,US,35738
2020-10-05,US,39376
2020-10-06,US,45289
2020-10-07,US,51056
2020-10-08,US,58599
2020-10-09,US,56384
2020-10-10,US,54953
2020-10-11,US,45981
2020-10-12,US,41774
2020-10-13,US,52231
2020-10-14,US,59778
2020-10-15,US,64880
2020-10-16,US,69147
2020-10-17,US,56759
2020-10-18,US,49367
2020-10-19,US,67717
2020-10-20,US,61956
2020-10-21,US,63301
2020-10-22,US,76310
2020-10-23,US,81933
2020-10-24,US,82767
2020-10-25,US,62204
2020-10-26,US,67310
2020-10-27,US,76838
2020-10-28,US,79426
2020-10-29,US,91019
2020-10-30,US,99264
2020-10-31,US,89754
2020-11-01,US,104900
2020-11-02,US,85211
2020-11-03,US,127198
2020-11-04,US,104541
2020-11-05,US,129367
2020-11-06,US,128033
2020-11-07,US,127510
2020-11-08,US,115170
2020-11-09,US,120434
2020-11-10,US,140504
2020-11-11,US,146750
2020-11-12,US,164750
2020-11-13,US,180398
2020-11-14,US,167926
2020-11-15,US,136356
2020-11-16,US,162624
2020-11-17,US,163958
2020-11-18,US,173251
2020-11-19,US,191510
2020-11-20,US,198333
2020-11-21,US,179436
2020-11-22,US,146947
2020-11-23,US,174089
2020-11-24,US,175544
2020-11-25,US,183403
2020-11-26,US,112526
2020-11-27,US,207933
2020-11-28,US,155661
2020-11-29,US,140328
2020-11-30,US,160321
2020-12-01,US,188339
2020-12-02,US,202894
2020-12-03,US,223421
2020-12-04,US,232644
2020-12-05,US,215811
2020-12-06,US,181253
2020-12-07,US,194409
2020-12-08,US,224452
2020-12-09,US,222648
2020-12-10,US,231428
2020-12-11,US,240089
2020-12-12,US,217797
2020-12-13,US,187971
2020-12-14,US,194314
2020-12-15,US,208992
2020-12-16,US,246644
2020-12-17,US,239922
2020-12-18,US,251820
2020-12-19,US,192103
2020-12-20,US,188004
2020-12-21,US,198703
2020-12-22,US,198123
2020-12-23,US,229625
2020-12-24,US,194138
2020-12-25,US,97880
2020-12-26,US,226416
2020-12-27,US,155845
2020-12-28,US,174152
2020-12-29,US,200439
2020-12-30,US,233691
2020-12-31,US,235584
2021-01-01,US,153911
2021-01-02,US,300462
2021-01-03,US,208853
2021-01-04,US,184005
2021-01-05,US,235042
2021-01-06,US,255660
2021-01-07,US,278314
2021-01-08,US,295257
2021-01-09,US,260967
2021-01-10,US,213415
2021-01-11,US,214687
2021-01-12,US,226944
2021-01-13,US,230301
2021-01-14,US,235766
2021-01-15,US,242866
2021-01-16,US,201858
2021-01-17,US,177845
2021-01-18,US,143598
2021-01-19,US,176216
2021-01-20,US,183261
2021-01-21,US,193872
2021-01-22,US,190758
2021-01-23,US,170745
2021-01-24,US,131198
2021-01-25,US,151677
2021-01-26,US,147626
2021-01-27,US,153961
2021-01-28,US,168804
2021-01-29,US,166622
2021-01-30,US,142473
2021-01-31,US,112152
2021-02-01,US,134952
2021-02-02,US,115307
2021-02-03,US,121697
2021-02-04,US,123996
2021-02-05,US,134422
2021-02-06,US,104193
2021-02-07,US,89729
2021-02-08,US,90445
2021-02-09,US,95258
2021-02-10,US,95270
2021-02-11,US,105763
2021-02-12,US,99651
2021-02-13,US,87219
2021-02-14,US,65153
2021-02-15,US,54261
2021-02-16,US,62498
2021-02-17,US,70152
2021-02-18,US,69898
2021-02-19,US,79282
2021-02-20,US,71700
2021-02-21,US,57152
2021-02-22,US,56165
2021-02-23,US,72260
2021-02-24,US,74749
2021-02-25,US,77504
2021-02-26,US,77349
2021-02-27,US,64626
2021-02-28,US,51422
2021-03-01,US,58098
2021-03-02,US,57147
2021-03-03,US,67142
2021-03-04,US,68070
2021-03-05,US,66419
2021-03-06,US,58265
2021-03-07,US,41073
2021-03-08,US,44896
2021-03-09,US,57678
2021-03-10,US,57890
2021-03-11,US,62465
2021-03-12,US,61513
2021-03-13,US,53031
2021-03-14,US,38278
2021-03-15,US,56541
2021-03-16,US,54008
2021-03-17,US,59316
2021-03-18,US,60391
2021-03-19,US,61680
2021-03-20,US,55523
2021-03-21,US,33828
2021-03-22,US,51436
2021-03-23,US,53706
2021-03-24,US,86829
2021-03-25,US,67546
2021-03-26,US,77377
2021-03-27,US,62848
2021-03-28,US,43217
2021-03-29,US,69273
2021-03-30,US,61429
2021-03-31,US,66765
2021-04-01,US,79143
2021-04-02,US,69887
2021-04-03,US,63261
2021-04-04,US,35141
2021-04-05,US,77372
2021-04-06,US,60674
2021-04-07,US,75030
2021-04-08,US,79885
2021-04-09,US,82710
2021-04-10,US,66687
2021-04-11,US,46509
2021-04-12,US,70082
2021-04-13,US,77959
2021-04-14,US,75403
2021-04-15,US,74314
2021-04-16,US,80065
2021-04-17,US,52532
2021-04-18,US,42121
2021-04-19,US,68105
2021-04-20,US,60949
2021-04-21,US,62858
2021-04-22,US,67275
2021-04-23,US,62423
2021-04-24,US,53495
2021-04-25,US,32153
2021-04-26,US,47556
2021-04-27,US,50836
2021-04-28,US,55155
2021-04-29,US,58251
2021-04-30,US,57914
2021-05-01,US,45404
2021-05-02,US,29390
2021-05-03,US,50491
2021-05-04,US,40723
2021-05-05,US,44730
2021-05-06,US,47531
2021-05-07,US,48188
2021-05-08,US,33617
2021-05-09,US,21440
2021-05-10,US,36785
2021-05-11,US,33662
2021-05-12,US,35826
2021-05-13,US,38076
2021-05-14,US,42260
2021-05-15,US,28857
2021-05-16,US,16878
2021-05-17,US,28621
2021-05-18,US,27786
2021-05-19,US,29321
2021-05-20,US,30186
2021-05-21,US,27946
2021-05-22,US,19798
2021-05-23,US,12913
2021-05-24,US,25770
2021-05-25,US,22755
2021-05-26,US,23960
2021-05-27,US,27491
2021-05-28,US,21816
2021-05-29,US,12001
2021-05-30,US,6734
2021-05-31,US,5775
2021-06-01,US,22940
2021-06-02,US,16944
2021-06-03,US,19101
2021-06-04,US,16850
2021-06-05,US,13937
2021-06-06,US,5395
2021-06-07,US,15448
2021-06-08,US,12982
2021-06-09,US,18647
2021-06-10,US,14545
2021-06-11,US,24699
2021-06-12,US,8228
2021-06-13,US,4777
2021-06-14,US,12745
2021-06-15,US,11302
2021-06-16,US,12431
2021-06-17,US,10380
2021-06-18,US,20598
2021-06-19,US,8524
2021-06-20,US,3892
2021-06-21,US,12320
2021-06-22,US,10976
2021-06-23,US,12445
2021-06-24,US,12846
2021-06-25,US,23656
2021-06-26,US,7308
2021-06-27,US,3920
2021-06-28,US,15085
2021-06-29,US,11339
2021-06-30,US,13139
2021-07-01,US,14442
2021-07-02,US,29899
2021-07-03,US,4753
2021-07-04,US,3697
2021-07-05,US,5528
2021-07-06,US,24250
2021-07-07,US,22884
2021-07-08,US,20076
2021-07-09,US,48226
2021-07-10,US,9066
2021-07-11,US,6164
2021-07-12,US,34995
2021-07-13,US,26442
2021-07-14,US,31878
2021-07-15,US,28351
2021-07-16,US,79310
2021-07-17,US,12986
2021-07-18,US,12048
2021-07-19,US,52085
2021-07-20,US,42703
2021-07-21,US,52032
2021-07-22,US,56842
2021-07-23,US,119158
2021-07-24,US,27802
2021-07-25,US,13213
2021-07-26,US,89358
2021-07-27,US,70740
2021-07-28,US,68771
2021-07-29,US,78170
2021-07-30,US,194608
2021-07-31,US,32808
2021-08-01,US,25141
2021-08-02,US,127976
2021-08-03,US,106557
2021-08-04,US,92714
2021-08-05,US,109824
2021-08-06,US,254981
2021-08-07,US,44082
2021-08-08,US,24234
2021-08-09,US,184476
2021-08-10,US,106847
2021-08-11,US,135071
2021-08-12,US,116621
2021-08-13,US,290764
2021-08-14,US,42707
2021-08-15,US,38482
2021-08-16,US,210199
2021-08-17,US,128902
2021-08-18,US,137815
2021-08-19,US,138472
2021-08-20,US,319494
2021-08-21,US,62678
2021-08-22,US,33497
2021-08-23,US,229831
2021-08-24,US,135245
2021-08-25,US,148143
2021-08-26,US,161331
2021-08-27,US,322934
2021-08-28,US,53069
2021-08-29,US,38473
2021-08-30,US,258532
